{
  "name": "Oil Authentication Protocol v2.1",
  "version": "2.1",
  "description": "Authentication of extra virgin olive oils",
  "steps": [
    {
      "name": "Data Loading",
      "type": "input",
      "description": "Load spectral data from CSV",
      "parameters": {
        "format": "csv",
        "wavelength_range": [
          900,
          1700
        ]
      }
    },
    {
      "name": "SNV Normalization",
      "type": "preprocessing",
      "description": "Apply Standard Normal Variate normalization",
      "parameters": {
        "method": "snv"
      }
    },
    {
      "name": "Baseline Removal",
      "type": "preprocessing",
      "description": "Remove baseline using polynomial fitting",
      "parameters": {
        "method": "poly",
        "order": 3
      }
    },
    {
      "name": "PLS-DA Model",
      "type": "analysis",
      "description": "Partial Least Squares Discriminant Analysis",
      "parameters": {
        "n_components": 5,
        "cv_folds": 5
      }
    },
    {
      "name": "Validation",
      "type": "validation",
      "description": "Cross-validation and performance assessment",
      "parameters": {
        "metrics": [
          "accuracy",
          "precision",
          "recall"
        ]
      }
    }
  ]
}